{
    "txtExtra-2":"",
    "txtExtraValue-2":"",
    "txtDnaTryTimes":"20000",
    "txtStaticColor":"FFFFFF",
    "txtWidth":"800",
    "txtHeight":"800",
    "chkSmoothing":1,
    "txtLightness":"80",
    "chkBackground":0,
    "chkStaticColor":0,
    "chkResize":0,
    "chkIgnoreNONE":1,
    "chkWhiteSpace":1,
    "OptionNetwork":true,
    "OptionNetwork-1":false,
    "txtExtra-1":"",
    "txtExtraValue-1":"",
    "txtExtraValue-0":"",
    "txtExtra-0":"",
    "txtAnimation_url":"",
    "txtExternal_url":"",
    "txtNamePrefix":"BigPunks",
    "txtImageBaseURL":"ipfs://YourImagesCID/",
    "txtDescription":"Punk is cool!",
    "txtSolSymbol":"",
    "txtSolFee":"500",
    "txtSolCreatorsAddress":"",
    "txtSolCreatorsShare":"100",
    "OptionNetwork-0":true
}
