{
    "txtReplace-2.Text":"",
    "txtSign-2.Text":"",
    "txtReplace-1.Text":"/",
    "chkReplace.Value":1,
    "txtSign-1.Text":"--",
    "txtSign-0.Text":"_",
    "txtReplace-0.Text":":",
    "txtExtra-2.Text":"",
    "txtExtraValue-2.Text":"",
    "txtDnaTryTimes.Text":"20000",
    "txtStaticColor.Text":"FFFFFF",
    "txtWidth.Text":"800",
    "txtHeight.Text":"800",
    "chkSmoothing.Value":1,
    "txtLightness.Text":"80",
    "chkBackground.Value":0,
    "chkStaticColor.Value":0,
    "chkResize.Value":0,
    "chkIgnoreNONE.Value":1,
    "chkWhiteSpace.Value":1,
    "OptionNetwork-1.Value":false,
    "txtExtra-1.Text":"",
    "txtExtraValue-1.Text":"",
    "txtExtraValue-0.Text":"",
    "txtExtra-0.Text":"",
    "txtAnimation_url.Text":"",
    "txtExternal_url.Text":"",
    "txtNamePrefix.Text":"mfer",
    "txtImageBaseURL.Text":"ipfs://YourImagesCID/",
    "txtDescription.Text":"mfers by sartoshi",
    "txtSolSymbol.Text":"",
    "txtSolFee.Text":"500",
    "txtSolCreatorsAddress.Text":"",
    "txtSolCreatorsShare.Text":"100",
    "OptionNetwork-0.Value":true
}
